category,idx,product_name,url,crawl_status,image_count,image_status,image_types,print_area_status,spec_count,spec_status,spec_keys,crawled_at,json_path
Bottle,13,40ml 브로우용기,http://chungjinkorea.com/kr/product/view.php?idx=13,성공,1,성공,main,성공,3,완료,"Phone,Fax,Email",2025-10-18T12:58:34.170824,crawled_products/idx_13.json
Bottle,14,50ml 브로우용기,http://chungjinkorea.com/kr/product/view.php?idx=14,성공,1,성공,main,성공,3,완료,"Phone,Fax,Email",2025-10-18T13:01:11.381793,crawled_products/idx_14.json
Bottle,15,80ml 브로우용기,http://chungjinkorea.com/kr/product/view.php?idx=15,성공,1,성공,main,성공,3,완료,"Phone,Fax,Email",2025-10-18T13:01:48.563167,crawled_products/idx_15.json
Bottle,16,100ml 브로우용기,http://chungjinkorea.com/kr/product/view.php?idx=16,성공,1,성공,main,성공,3,완료,"Phone,Fax,Email",2025-10-18T13:00:13.327917,crawled_products/idx_16.json
Bottle,17,140ml 브로우용기,http://chungjinkorea.com/kr/product/view.php?idx=17,성공,1,성공,main,성공,3,완료,"Phone,Fax,Email",2025-10-18T13:01:19.961326,crawled_products/idx_17.json
Bottle,18,150ml 브로우용기,http://chungjinkorea.com/kr/product/view.php?idx=18,성공,1,성공,main,성공,3,완료,"Phone,Fax,Email",2025-10-18T12:52:54.832780,crawled_products/idx_18.json
Bottle,19,200ml 브로우용기,http://chungjinkorea.com/kr/product/view.php?idx=19,성공,1,성공,main,성공,3,완료,"Phone,Fax,Email",2025-10-18T12:54:54.241875,crawled_products/idx_19.json
Bottle,20,250ml 브로우용기,http://chungjinkorea.com/kr/product/view.php?idx=20,성공,2,성공,main,성공,3,완료,"Phone,Fax,Email",2025-10-18T12:50:45.444723,crawled_products/idx_20.json
Bottle,21,300ml 브로우용기,http://chungjinkorea.com/kr/product/view.php?idx=21,성공,1,성공,main,성공,3,완료,"Phone,Fax,Email",2025-10-18T12:44:20.243851,crawled_products/idx_21.json
Bottle,22,350ml 브로우용기,http://chungjinkorea.com/kr/product/view.php?idx=22,성공,1,성공,main,성공,3,완료,"Phone,Fax,Email",2025-10-18T12:40:47.160147,crawled_products/idx_22.json
Bottle,23,400ml 브로우용기,http://chungjinkorea.com/kr/product/view.php?idx=23,성공,1,성공,main,성공,3,완료,"Phone,Fax,Email",2025-10-18T13:01:57.490457,crawled_products/idx_23.json
Bottle,24,500ml 브로우용기,http://chungjinkorea.com/kr/product/view.php?idx=24,성공,1,성공,main,성공,3,완료,"Phone,Fax,Email",2025-10-18T12:31:58.890109,crawled_products/idx_24.json
Bottle,25,700ml 브로우용기,http://chungjinkorea.com/kr/product/view.php?idx=25,성공,1,성공,main,성공,3,완료,"Phone,Fax,Email",2025-10-18T12:56:22.825008,crawled_products/idx_25.json
Bottle,26,900ml 브로우용기,http://chungjinkorea.com/kr/product/view.php?idx=26,성공,1,성공,main,성공,3,완료,"Phone,Fax,Email",2025-10-18T12:47:35.359197,crawled_products/idx_26.json
Bottle,27,1500ml 브로우용기,http://chungjinkorea.com/kr/product/view.php?idx=27,성공,1,성공,main,성공,3,완료,"Phone,Fax,Email",2025-10-18T12:32:46.144093,crawled_products/idx_27.json
Bottle,28,50ml 브로우용기,http://chungjinkorea.com/kr/product/view.php?idx=28,성공,4,성공,"additional_2,main,additional_3",성공,3,완료,"Phone,Fax,Email",2025-10-18T12:34:59.924420,crawled_products/idx_28.json
Bottle,29,60ml 브로우용기,http://chungjinkorea.com/kr/product/view.php?idx=29,성공,4,성공,"additional_2,main,additional_3",성공,3,완료,"Phone,Fax,Email",2025-10-18T12:53:50.289988,crawled_products/idx_29.json
Bottle,30,65ml 브로우용기,http://chungjinkorea.com/kr/product/view.php?idx=30,성공,1,성공,main,성공,3,완료,"Phone,Fax,Email",2025-10-18T13:00:52.449283,crawled_products/idx_30.json
Bottle,308,70ml 브로우용기,http://chungjinkorea.com/kr/product/view.php?idx=308,성공,1,성공,main,성공,3,완료,"Phone,Fax,Email",2025-10-18T13:02:25.634375,crawled_products/idx_308.json
Bottle,309,250ml 브로우용기,http://chungjinkorea.com/kr/product/view.php?idx=309,성공,1,성공,main,성공,3,완료,"Phone,Fax,Email",2025-10-18T12:30:27.117319,crawled_products/idx_309.json
Bottle,31,100ml 브로우용기,http://chungjinkorea.com/kr/product/view.php?idx=31,성공,1,성공,main,성공,3,완료,"Phone,Fax,Email",2025-10-18T12:42:10.610824,crawled_products/idx_31.json
Bottle,310,300ml 브로우용기,http://chungjinkorea.com/kr/product/view.php?idx=310,성공,1,성공,main,성공,3,완료,"Phone,Fax,Email",2025-10-18T12:38:18.554801,crawled_products/idx_310.json
Bottle,311,500ml 브로우용기,http://chungjinkorea.com/kr/product/view.php?idx=311,성공,1,성공,main,성공,3,완료,"Phone,Fax,Email",2025-10-18T12:56:58.621284,crawled_products/idx_311.json
Bottle,312,200ml 브로우용기,http://chungjinkorea.com/kr/product/view.php?idx=312,성공,2,성공,main,성공,3,완료,"Phone,Fax,Email",2025-10-18T12:52:45.910305,crawled_products/idx_312.json
Bottle,313,300ml 브로우용기,http://chungjinkorea.com/kr/product/view.php?idx=313,성공,1,성공,main,성공,3,완료,"Phone,Fax,Email",2025-10-18T12:37:59.949894,crawled_products/idx_313.json
Bottle,314,500ml 브로우용기,http://chungjinkorea.com/kr/product/view.php?idx=314,성공,1,성공,main,성공,3,완료,"Phone,Fax,Email",2025-10-18T12:49:13.084096,crawled_products/idx_314.json
Bottle,315,1000ml 브로우용기,http://chungjinkorea.com/kr/product/view.php?idx=315,성공,1,성공,main,성공,3,완료,"Phone,Fax,Email",2025-10-18T12:54:26.251616,crawled_products/idx_315.json
Bottle,316,500ml 브로우용기,http://chungjinkorea.com/kr/product/view.php?idx=316,성공,2,성공,main,성공,3,완료,"Phone,Fax,Email",2025-10-18T12:40:38.021758,crawled_products/idx_316.json
Bottle,318,30ml 브로우용기,http://chungjinkorea.com/kr/product/view.php?idx=318,성공,1,성공,main,성공,3,완료,"Phone,Fax,Email",2025-10-18T12:59:07.967474,crawled_products/idx_318.json
Bottle,319,50ml 브로우용기,http://chungjinkorea.com/kr/product/view.php?idx=319,성공,2,성공,main,성공,3,완료,"Phone,Fax,Email",2025-10-18T12:37:06.119433,crawled_products/idx_319.json
Bottle,32,130ml 브로우용기,http://chungjinkorea.com/kr/product/view.php?idx=32,성공,1,성공,main,성공,3,완료,"Phone,Fax,Email",2025-10-18T12:45:52.784803,crawled_products/idx_32.json
Bottle,320,150ml 브로우용기,http://chungjinkorea.com/kr/product/view.php?idx=320,성공,1,성공,main,성공,3,완료,"Phone,Fax,Email",2025-10-18T12:47:08.385477,crawled_products/idx_320.json
Bottle,321,300ml 브로우용기,http://chungjinkorea.com/kr/product/view.php?idx=321,성공,1,성공,main,성공,3,완료,"Phone,Fax,Email",2025-10-18T12:51:31.293362,crawled_products/idx_321.json
Bottle,322,500ml 브로우용기,http://chungjinkorea.com/kr/product/view.php?idx=322,성공,1,성공,main,성공,3,완료,"Phone,Fax,Email",2025-10-18T12:50:35.983133,crawled_products/idx_322.json
Bottle,323,650ml 브로우용기,http://chungjinkorea.com/kr/product/view.php?idx=323,성공,1,성공,main,성공,3,완료,"Phone,Fax,Email",2025-10-18T12:40:28.982036,crawled_products/idx_323.json
Bottle,324,500ml 브로우용기,http://chungjinkorea.com/kr/product/view.php?idx=324,성공,2,성공,main,성공,3,완료,"Phone,Fax,Email",2025-10-18T12:35:07.949505,crawled_products/idx_324.json
Bottle,325,500ml 브로우용기,http://chungjinkorea.com/kr/product/view.php?idx=325,성공,1,성공,main,성공,3,완료,"Phone,Fax,Email",2025-10-18T12:52:27.583293,crawled_products/idx_325.json
Bottle,327,120ml 브로우용기,http://chungjinkorea.com/kr/product/view.php?idx=327,성공,1,성공,main,성공,3,완료,"Phone,Fax,Email",2025-10-18T13:02:53.219349,crawled_products/idx_327.json
Bottle,328,300ml 브로우용기,http://chungjinkorea.com/kr/product/view.php?idx=328,성공,1,성공,main,성공,3,완료,"Phone,Fax,Email",2025-10-18T12:39:33.907909,crawled_products/idx_328.json
Bottle,329,500ml 브로우용기,http://chungjinkorea.com/kr/product/view.php?idx=329,성공,1,성공,main,성공,3,완료,"Phone,Fax,Email",2025-10-18T12:43:34.777051,crawled_products/idx_329.json
Bottle,33,150ml 브로우용기,http://chungjinkorea.com/kr/product/view.php?idx=33,성공,1,성공,main,없음,3,완료,"Phone,Fax,Email",2025-10-18T12:58:16.048155,crawled_products/idx_33.json
Bottle,330,500ml 브로우용기,http://chungjinkorea.com/kr/product/view.php?idx=330,성공,1,성공,main,성공,3,완료,"Phone,Fax,Email",2025-10-18T12:39:52.429061,crawled_products/idx_330.json
Bottle,331,500ml 브로우용기,http://chungjinkorea.com/kr/product/view.php?idx=331,성공,1,성공,main,성공,3,완료,"Phone,Fax,Email",2025-10-18T12:46:11.153416,crawled_products/idx_331.json
Bottle,332,400ml 브로우용기,http://chungjinkorea.com/kr/product/view.php?idx=332,성공,1,성공,main,성공,3,완료,"Phone,Fax,Email",2025-10-18T12:44:47.620332,crawled_products/idx_332.json
Bottle,333,350ml 브로우용기,http://chungjinkorea.com/kr/product/view.php?idx=333,성공,1,성공,main,성공,3,완료,"Phone,Fax,Email",2025-10-18T12:44:01.667893,crawled_products/idx_333.json
Bottle,334,400ml 브로우용기,http://chungjinkorea.com/kr/product/view.php?idx=334,성공,1,성공,main,성공,3,완료,"Phone,Fax,Email",2025-10-18T13:02:16.266588,crawled_products/idx_334.json
Bottle,335,45ml 브로우용기,http://chungjinkorea.com/kr/product/view.php?idx=335,성공,3,성공,"unknown,main",성공,3,완료,"Phone,Fax,Email",2025-10-18T12:53:04.361148,crawled_products/idx_335.json
Bottle,336,150ml 브로우용기,http://chungjinkorea.com/kr/product/view.php?idx=336,성공,2,성공,"unknown,main",성공,3,완료,"Phone,Fax,Email",2025-10-18T12:40:10.490362,crawled_products/idx_336.json
Bottle,337,200ml 브로우용기,http://chungjinkorea.com/kr/product/view.php?idx=337,성공,3,성공,"unknown,main",성공,3,완료,"Phone,Fax,Email",2025-10-18T13:02:07.129220,crawled_products/idx_337.json
Bottle,338,300ml 브로우용기,http://chungjinkorea.com/kr/product/view.php?idx=338,성공,2,성공,"unknown,main",성공,3,완료,"Phone,Fax,Email",2025-10-18T13:04:36.156456,crawled_products/idx_338.json
Bottle,339,500ml 브로우용기,http://chungjinkorea.com/kr/product/view.php?idx=339,성공,1,성공,main,성공,3,완료,"Phone,Fax,Email",2025-10-18T12:50:08.585221,crawled_products/idx_339.json
Bottle,34,180ml 브로우용기,http://chungjinkorea.com/kr/product/view.php?idx=34,성공,1,성공,main,성공,3,완료,"Phone,Fax,Email",2025-10-18T12:56:31.801071,crawled_products/idx_34.json
Bottle,341,250ml 브로우용기,http://chungjinkorea.com/kr/product/view.php?idx=341,성공,3,성공,"unknown,main",성공,3,완료,"Phone,Fax,Email",2025-10-18T12:36:24.934226,crawled_products/idx_341.json
Bottle,342,300ml 브로우용기,http://chungjinkorea.com/kr/product/view.php?idx=342,성공,3,성공,"unknown,main",성공,3,완료,"Phone,Fax,Email",2025-10-18T12:36:33.241804,crawled_products/idx_342.json
Bottle,343,100ml 브로우용기,http://chungjinkorea.com/kr/product/view.php?idx=343,성공,2,성공,main,성공,3,완료,"Phone,Fax,Email",2025-10-18T12:30:18.300252,crawled_products/idx_343.json
Bottle,344,150ml 브로우용기,http://chungjinkorea.com/kr/product/view.php?idx=344,성공,3,성공,"unknown,main",성공,3,완료,"Phone,Fax,Email",2025-10-18T12:44:29.834627,crawled_products/idx_344.json
Bottle,345,250ml 브로우용기,http://chungjinkorea.com/kr/product/view.php?idx=345,성공,2,성공,"unknown,main",성공,3,완료,"Phone,Fax,Email",2025-10-18T12:35:40.658956,crawled_products/idx_345.json
Bottle,346,380ml 브로우용기,http://chungjinkorea.com/kr/product/view.php?idx=346,성공,2,성공,"unknown,main",성공,3,완료,"Phone,Fax,Email",2025-10-18T12:51:21.633546,crawled_products/idx_346.json
Bottle,347,500ml 브로우용기,http://chungjinkorea.com/kr/product/view.php?idx=347,성공,3,성공,"unknown,main",성공,3,완료,"Phone,Fax,Email",2025-10-18T12:53:32.398046,crawled_products/idx_347.json
Bottle,348,300ml 브로우용기,http://chungjinkorea.com/kr/product/view.php?idx=348,성공,2,성공,"unknown,main",성공,3,완료,"Phone,Fax,Email",2025-10-18T13:04:16.641931,crawled_products/idx_348.json
Bottle,349,120ml 브로우용기,http://chungjinkorea.com/kr/product/view.php?idx=349,성공,1,성공,main,성공,3,완료,"Phone,Fax,Email",2025-10-18T12:43:25.701731,crawled_products/idx_349.json
Bottle,35,200ml 브로우용기,http://chungjinkorea.com/kr/product/view.php?idx=35,성공,1,성공,main,성공,3,완료,"Phone,Fax,Email",2025-10-18T12:49:31.994115,crawled_products/idx_35.json
Bottle,350,200ml 브로우용기,http://chungjinkorea.com/kr/product/view.php?idx=350,성공,2,성공,"unknown,main",성공,3,완료,"Phone,Fax,Email",2025-10-18T12:52:36.532071,crawled_products/idx_350.json
Bottle,351,500ml 브로우용기,http://chungjinkorea.com/kr/product/view.php?idx=351,성공,2,성공,"unknown,main",성공,3,완료,"Phone,Fax,Email",2025-10-18T12:31:32.244581,crawled_products/idx_351.json
Bottle,352,200ml 브로우용기,http://chungjinkorea.com/kr/product/view.php?idx=352,성공,2,성공,"unknown,main",성공,3,완료,"Phone,Fax,Email",2025-10-18T12:34:50.952836,crawled_products/idx_352.json
Bottle,353,350ml 브로우용기,http://chungjinkorea.com/kr/product/view.php?idx=353,성공,2,성공,"unknown,main",성공,3,완료,"Phone,Fax,Email",2025-10-18T12:32:37.184984,crawled_products/idx_353.json
Bottle,354,500ml 브로우용기,http://chungjinkorea.com/kr/product/view.php?idx=354,성공,3,성공,"unknown,main",성공,3,완료,"Phone,Fax,Email",2025-10-18T12:41:52.105873,crawled_products/idx_354.json
Bottle,355,500ml 브로우용기,http://chungjinkorea.com/kr/product/view.php?idx=355,성공,1,성공,main,성공,3,완료,"Phone,Fax,Email",2025-10-18T12:42:19.880816,crawled_products/idx_355.json
Bottle,357,500ml 브로우용기,http://chungjinkorea.com/kr/product/view.php?idx=357,성공,2,성공,"unknown,main",성공,3,완료,"Phone,Fax,Email",2025-10-18T12:35:32.656516,crawled_products/idx_357.json
Bottle,358,300ml 브로우용기,http://chungjinkorea.com/kr/product/view.php?idx=358,성공,2,성공,"unknown,main",성공,3,완료,"Phone,Fax,Email",2025-10-18T12:54:44.754577,crawled_products/idx_358.json
Bottle,359,320ml 브로우용기,http://chungjinkorea.com/kr/product/view.php?idx=359,성공,3,성공,"unknown,main",성공,3,완료,"Phone,Fax,Email",2025-10-18T12:52:18.581694,crawled_products/idx_359.json
Bottle,36,750ml 브로우용기,http://chungjinkorea.com/kr/product/view.php?idx=36,성공,2,성공,main,성공,3,완료,"Phone,Fax,Email",2025-10-18T13:00:03.743496,crawled_products/idx_36.json
Bottle,360,150ml 브로우용기,http://chungjinkorea.com/kr/product/view.php?idx=360,성공,2,성공,"unknown,main",성공,3,완료,"Phone,Fax,Email",2025-10-18T12:34:41.460044,crawled_products/idx_360.json
Bottle,361,500ml 브로우용기,http://chungjinkorea.com/kr/product/view.php?idx=361,성공,3,성공,"unknown,main",성공,3,완료,"Phone,Fax,Email",2025-10-18T12:41:42.879948,crawled_products/idx_361.json
Unknown,417,220g 크림용기,http://chungjinkorea.com/kr/product/view.php?idx=417,성공,2,성공,main,성공,3,완료,"Phone,Fax,Email",2025-10-18T02:47:36.028959,crawled_products/idx_417.json
Unknown,418,300g 크림용기,http://chungjinkorea.com/kr/product/view.php?idx=418,성공,3,성공,"additional_2,main",성공,3,완료,"Phone,Fax,Email",2025-10-18T02:48:28.400684,crawled_products/idx_418.json
Unknown,419,400g 크림용기,http://chungjinkorea.com/kr/product/view.php?idx=419,성공,3,성공,"additional_2,main",성공,3,완료,"Phone,Fax,Email",2025-10-18T02:51:46.148614,crawled_products/idx_419.json
Unknown,420,500g 크림용기,http://chungjinkorea.com/kr/product/view.php?idx=420,성공,2,성공,main,성공,3,완료,"Phone,Fax,Email",2025-10-18T02:49:13.265397,crawled_products/idx_420.json
Unknown,421,50g 헤비크림용기,http://chungjinkorea.com/kr/product/view.php?idx=421,성공,2,성공,main,성공,3,완료,"Phone,Fax,Email",2025-10-18T02:51:23.208096,crawled_products/idx_421.json
Unknown,422,80g 헤비크림용기,http://chungjinkorea.com/kr/product/view.php?idx=422,성공,2,성공,main,성공,3,완료,"Phone,Fax,Email",2025-10-18T02:52:58.954939,crawled_products/idx_422.json
Unknown,423,50g 헤비크림용기,http://chungjinkorea.com/kr/product/view.php?idx=423,성공,2,성공,main,성공,3,완료,"Phone,Fax,Email",2025-10-18T02:52:28.946193,crawled_products/idx_423.json
Unknown,424,100g 헤비크림용기,http://chungjinkorea.com/kr/product/view.php?idx=424,성공,2,성공,main,성공,3,완료,"Phone,Fax,Email",2025-10-18T02:52:09.254382,crawled_products/idx_424.json
Unknown,425,100g 헤비크림용기,http://chungjinkorea.com/kr/product/view.php?idx=425,성공,3,성공,"additional_2,main",성공,3,완료,"Phone,Fax,Email",2025-10-18T02:49:43.754845,crawled_products/idx_425.json
Unknown,487,300g 크림브로우용기,http://chungjinkorea.com/kr/product/view.php?idx=487,성공,2,성공,main,성공,3,완료,"Phone,Fax,Email",2025-10-18T02:50:52.258929,crawled_products/idx_487.json
Unknown,490,660g 크림브로우용기,http://chungjinkorea.com/kr/product/view.php?idx=490,성공,2,성공,main,성공,3,완료,"Phone,Fax,Email",2025-10-18T02:50:04.118217,crawled_products/idx_490.json
Unknown,491,450g 크림브로우용기,http://chungjinkorea.com/kr/product/view.php?idx=491,성공,2,성공,main,성공,3,완료,"Phone,Fax,Email",2025-10-18T02:47:27.771670,crawled_products/idx_491.json
Bottle,572,250ml 브로우용기,http://chungjinkorea.com/kr/product/view.php?idx=572,성공,2,성공,main,성공,3,완료,"Phone,Fax,Email",2025-10-18T12:54:08.875314,crawled_products/idx_572.json
Bottle,573,45ml 브로우용기,http://chungjinkorea.com/kr/product/view.php?idx=573,성공,2,성공,main,성공,3,완료,"Phone,Fax,Email",2025-10-18T12:51:12.585535,crawled_products/idx_573.json
Bottle,574,500ml 브로우용기,http://chungjinkorea.com/kr/product/view.php?idx=574,성공,1,성공,main,성공,3,완료,"Phone,Fax,Email",2025-10-18T12:37:42.111566,crawled_products/idx_574.json
Bottle,575,250ml 브로우용기,http://chungjinkorea.com/kr/product/view.php?idx=575,성공,1,성공,main,성공,3,완료,"Phone,Fax,Email",2025-10-18T12:31:40.847182,crawled_products/idx_575.json
Bottle,576,100ml 브로우용기,http://chungjinkorea.com/kr/product/view.php?idx=576,성공,2,성공,"unknown,main",성공,3,완료,"Phone,Fax,Email",2025-10-18T13:04:07.366602,crawled_products/idx_576.json
Bottle,577,60ml 브로우용기,http://chungjinkorea.com/kr/product/view.php?idx=577,성공,4,성공,"additional_2,unknown,main",없음,3,완료,"Phone,Fax,Email",2025-10-18T12:34:31.721708,crawled_products/idx_577.json
Bottle,578,120ml 브로우용기,http://chungjinkorea.com/kr/product/view.php?idx=578,성공,4,성공,"additional_2,unknown,main",성공,3,완료,"Phone,Fax,Email",2025-10-18T12:36:16.214180,crawled_products/idx_578.json
Bottle,579,230ml 브로우용기,http://chungjinkorea.com/kr/product/view.php?idx=579,성공,3,성공,"additional_2,main",성공,3,완료,"Phone,Fax,Email",2025-10-18T12:52:08.942700,crawled_products/idx_579.json
Bottle,580,300ml 브로우용기,http://chungjinkorea.com/kr/product/view.php?idx=580,성공,2,성공,main,성공,3,완료,"Phone,Fax,Email",2025-10-18T12:54:35.581382,crawled_products/idx_580.json
Bottle,581,500ml 브로우용기,http://chungjinkorea.com/kr/product/view.php?idx=581,성공,3,성공,"additional_2,main",성공,3,완료,"Phone,Fax,Email",2025-10-18T13:04:45.627359,crawled_products/idx_581.json
Bottle,582,250ml 브로우용기,http://chungjinkorea.com/kr/product/view.php?idx=582,성공,2,성공,"unknown,main",성공,3,완료,"Phone,Fax,Email",2025-10-18T12:53:13.755227,crawled_products/idx_582.json
Bottle,583,120ml 브로우용기,http://chungjinkorea.com/kr/product/view.php?idx=583,성공,2,성공,"unknown,main",성공,3,완료,"Phone,Fax,Email",2025-10-18T12:36:54.866086,crawled_products/idx_583.json
Bottle,584,60ml 브로우용기,http://chungjinkorea.com/kr/product/view.php?idx=584,성공,3,성공,"additional_2,main",성공,3,완료,"Phone,Fax,Email",2025-10-18T12:59:45.000571,crawled_products/idx_584.json
Bottle,585,250ml 브로우용기,http://chungjinkorea.com/kr/product/view.php?idx=585,성공,2,성공,main,성공,3,완료,"Phone,Fax,Email",2025-10-18T12:45:43.745277,crawled_products/idx_585.json
Bottle,587,120ml 브로우용기,http://chungjinkorea.com/kr/product/view.php?idx=587,성공,2,성공,main,성공,3,완료,"Phone,Fax,Email",2025-10-18T12:37:33.211918,crawled_products/idx_587.json
Bottle,588,200ml 브로우용기,http://chungjinkorea.com/kr/product/view.php?idx=588,성공,1,성공,main,없음,3,완료,"Phone,Fax,Email",2025-10-18T12:51:03.583844,crawled_products/idx_588.json
Bottle,589,350ml 브로우용기,http://chungjinkorea.com/kr/product/view.php?idx=589,성공,1,성공,main,성공,3,완료,"Phone,Fax,Email",2025-10-18T12:44:38.690771,crawled_products/idx_589.json
Bottle,590,130ml 브로우용기,http://chungjinkorea.com/kr/product/view.php?idx=590,성공,1,성공,main,성공,3,완료,"Phone,Fax,Email",2025-10-18T13:00:32.280068,crawled_products/idx_590.json
Bottle,592,120ml 브로우용기,http://chungjinkorea.com/kr/product/view.php?idx=592,성공,2,성공,main,성공,3,완료,"Phone,Fax,Email",2025-10-18T12:39:05.325846,crawled_products/idx_592.json
Bottle,593,300ml 브로우용기,http://chungjinkorea.com/kr/product/view.php?idx=593,성공,2,성공,"unknown,main",성공,3,완료,"Phone,Fax,Email",2025-10-18T12:46:59.078180,crawled_products/idx_593.json
Bottle,594,100ml 브로우용기,http://chungjinkorea.com/kr/product/view.php?idx=594,성공,2,성공,"unknown,main",성공,3,완료,"Phone,Fax,Email",2025-10-18T12:56:49.873369,crawled_products/idx_594.json
Bottle,595,70ml 브로우용기,http://chungjinkorea.com/kr/product/view.php?idx=595,성공,2,성공,"unknown,main",성공,3,완료,"Phone,Fax,Email",2025-10-18T12:32:08.912012,crawled_products/idx_595.json
Bottle,596,170ml 브로우용기,http://chungjinkorea.com/kr/product/view.php?idx=596,성공,2,성공,"unknown,main",성공,3,완료,"Phone,Fax,Email",2025-10-18T12:58:25.059510,crawled_products/idx_596.json
Bottle,597,250ml 브로우용기,http://chungjinkorea.com/kr/product/view.php?idx=597,성공,3,성공,"unknown,main",성공,3,완료,"Phone,Fax,Email",2025-10-18T12:48:34.472237,crawled_products/idx_597.json
Bottle,598,300ml 브로우용기,http://chungjinkorea.com/kr/product/view.php?idx=598,성공,2,성공,main,성공,3,완료,"Phone,Fax,Email",2025-10-18T12:59:16.787995,crawled_products/idx_598.json
Bottle,599,140ml 브로우용기,http://chungjinkorea.com/kr/product/view.php?idx=599,성공,3,성공,"unknown,main",성공,3,완료,"Phone,Fax,Email",2025-10-18T12:46:40.560795,crawled_products/idx_599.json
Bottle,600,200ml 브로우용기,http://chungjinkorea.com/kr/product/view.php?idx=600,성공,3,성공,"unknown,main",성공,3,완료,"Phone,Fax,Email",2025-10-18T12:55:23.248840,crawled_products/idx_600.json
Bottle,601,400ml 브로우용기,http://chungjinkorea.com/kr/product/view.php?idx=601,성공,2,성공,main,성공,3,완료,"Phone,Fax,Email",2025-10-18T12:34:20.225490,crawled_products/idx_601.json
Bottle,602,150ml 브로우용기,http://chungjinkorea.com/kr/product/view.php?idx=602,성공,2,성공,main,성공,3,완료,"Phone,Fax,Email",2025-10-18T13:03:48.955187,crawled_products/idx_602.json
Bottle,603,200ml 브로우용기,http://chungjinkorea.com/kr/product/view.php?idx=603,성공,1,성공,main,성공,3,완료,"Phone,Fax,Email",2025-10-18T12:54:17.561499,crawled_products/idx_603.json
Bottle,606,420ml 브로우용기,http://chungjinkorea.com/kr/product/view.php?idx=606,성공,2,성공,main,없음,3,완료,"Phone,Fax,Email",2025-10-18T12:40:56.177318,crawled_products/idx_606.json
Bottle,607,80ml 브로우용기,http://chungjinkorea.com/kr/product/view.php?idx=607,성공,1,성공,main,성공,3,완료,"Phone,Fax,Email",2025-10-18T12:50:26.874267,crawled_products/idx_607.json
Bottle,608,300ml 브로우용기,http://chungjinkorea.com/kr/product/view.php?idx=608,성공,1,성공,main,성공,3,완료,"Phone,Fax,Email",2025-10-18T12:56:40.490915,crawled_products/idx_608.json
Bottle,609,450ml 브로우용기,http://chungjinkorea.com/kr/product/view.php?idx=609,성공,1,성공,main,성공,3,완료,"Phone,Fax,Email",2025-10-18T12:35:48.556686,crawled_products/idx_609.json
Bottle,610,150ml 브로우용기,http://chungjinkorea.com/kr/product/view.php?idx=610,성공,1,성공,main,성공,3,완료,"Phone,Fax,Email",2025-10-18T12:30:09.165480,crawled_products/idx_610.json
Bottle,611,170ml 브로우용기,http://chungjinkorea.com/kr/product/view.php?idx=611,성공,2,성공,main,성공,3,완료,"Phone,Fax,Email",2025-10-18T12:48:23.527204,crawled_products/idx_611.json
Bottle,612,300ml 브로우용기,http://chungjinkorea.com/kr/product/view.php?idx=612,성공,1,성공,main,성공,3,완료,"Phone,Fax,Email",2025-10-18T12:47:26.435554,crawled_products/idx_612.json
Bottle,615,200ml 브로우용기,http://chungjinkorea.com/kr/product/view.php?idx=615,성공,1,성공,main,성공,3,완료,"Phone,Fax,Email",2025-10-18T12:35:16.167904,crawled_products/idx_615.json
Bottle,616,400ml 브로우용기,http://chungjinkorea.com/kr/product/view.php?idx=616,성공,3,성공,"unknown,main",성공,3,완료,"Phone,Fax,Email",2025-10-18T12:44:11.268178,crawled_products/idx_616.json
Bottle,617,30ml 브로우용기,http://chungjinkorea.com/kr/product/view.php?idx=617,성공,1,성공,main,성공,3,완료,"Phone,Fax,Email",2025-10-18T12:53:41.191129,crawled_products/idx_617.json
Bottle,619,10ml 브로우용기,http://chungjinkorea.com/kr/product/view.php?idx=619,성공,2,성공,main,성공,3,완료,"Phone,Fax,Email",2025-10-18T12:30:36.403763,crawled_products/idx_619.json
Bottle,620,260ml 브로우용기,http://chungjinkorea.com/kr/product/view.php?idx=620,성공,2,성공,main,성공,3,완료,"Phone,Fax,Email",2025-10-18T12:40:01.569574,crawled_products/idx_620.json
Bottle,621,180ml 브로우용기,http://chungjinkorea.com/kr/product/view.php?idx=621,성공,2,성공,main,성공,3,완료,"Phone,Fax,Email",2025-10-18T12:43:16.779923,crawled_products/idx_621.json
Bottle,622,160ml 브로우용기,http://chungjinkorea.com/kr/product/view.php?idx=622,성공,3,성공,"additional_2,main",성공,3,완료,"Phone,Fax,Email",2025-10-18T12:40:19.937892,crawled_products/idx_622.json
Bottle,623,300ml 거품브로우용기,http://chungjinkorea.com/kr/product/view.php?idx=623,성공,2,성공,main,성공,3,완료,"Phone,Fax,Email",2025-10-18T12:49:41.070740,crawled_products/idx_623.json
Bottle,624,Unknown Product,http://chungjinkorea.com/kr/product/view.php?idx=624,성공,2,성공,main,성공,3,완료,"Phone,Fax,Email",2025-10-18T12:57:47.809894,crawled_products/idx_624.json
Bottle,626,150ml 파우더브로우용기,http://chungjinkorea.com/kr/product/view.php?idx=626,성공,2,성공,main,성공,3,완료,"Phone,Fax,Email",2025-10-18T12:45:34.576065,crawled_products/idx_626.json
Bottle,628,80ml 헤비브로우용기,http://chungjinkorea.com/kr/product/view.php?idx=628,성공,1,성공,main,성공,3,완료,"Phone,Fax,Email",2025-10-18T12:55:42.264491,crawled_products/idx_628.json
Bottle,630,110ml 헤비브로우용기,http://chungjinkorea.com/kr/product/view.php?idx=630,성공,1,성공,main,성공,3,완료,"Phone,Fax,Email",2025-10-18T12:42:39.188665,crawled_products/idx_630.json
Bottle,631,130ml 헤비브로우용기,http://chungjinkorea.com/kr/product/view.php?idx=631,성공,1,성공,main,성공,3,완료,"Phone,Fax,Email",2025-10-18T12:34:10.221885,crawled_products/idx_631.json
Unknown,659,24파이 일반펌프,http://chungjinkorea.com/kr/product/view.php?idx=659,성공,1,성공,main,없음,3,완료,"Phone,Fax,Email",2025-10-18T06:56:37.536320,crawled_products/idx_659.json
Unknown,662,28파이 일반펌프,http://chungjinkorea.com/kr/product/view.php?idx=662,성공,2,성공,main,없음,3,완료,"Phone,Fax,Email",2025-10-18T07:04:44.050838,crawled_products/idx_662.json
Unknown,663,24파이 일반펌프,http://chungjinkorea.com/kr/product/view.php?idx=663,성공,1,성공,main,없음,3,완료,"Phone,Fax,Email",2025-10-18T07:03:00.745758,crawled_products/idx_663.json
Unknown,664,28파이 일반펌프,http://chungjinkorea.com/kr/product/view.php?idx=664,성공,1,성공,main,없음,3,완료,"Phone,Fax,Email",2025-10-18T06:58:35.730802,crawled_products/idx_664.json
Unknown,665,24파이 일반펌프,http://chungjinkorea.com/kr/product/view.php?idx=665,성공,2,성공,main,없음,3,완료,"Phone,Fax,Email",2025-10-18T07:02:51.666009,crawled_products/idx_665.json
Unknown,666,24파이 일반펌프,http://chungjinkorea.com/kr/product/view.php?idx=666,성공,1,성공,main,없음,3,완료,"Phone,Fax,Email",2025-10-18T06:54:50.234711,crawled_products/idx_666.json
Unknown,667,28파이 일반펌프,http://chungjinkorea.com/kr/product/view.php?idx=667,성공,2,성공,main,없음,3,완료,"Phone,Fax,Email",2025-10-18T07:00:38.535384,crawled_products/idx_667.json
Unknown,668,28파이 일반펌프,http://chungjinkorea.com/kr/product/view.php?idx=668,성공,1,성공,main,없음,3,완료,"Phone,Fax,Email",2025-10-18T06:58:43.575423,crawled_products/idx_668.json
Unknown,669,32파이 일반펌프,http://chungjinkorea.com/kr/product/view.php?idx=669,성공,2,성공,main,없음,3,완료,"Phone,Fax,Email",2025-10-18T06:59:30.103739,crawled_products/idx_669.json
Unknown,670,32파이 일반펌프,http://chungjinkorea.com/kr/product/view.php?idx=670,성공,1,성공,main,없음,3,완료,"Phone,Fax,Email",2025-10-18T06:53:52.051984,crawled_products/idx_670.json
Unknown,671,24파이 일반펌프,http://chungjinkorea.com/kr/product/view.php?idx=671,성공,2,성공,main,없음,3,완료,"Phone,Fax,Email",2025-10-18T07:04:08.926734,crawled_products/idx_671.json
Unknown,672,24파이 일반펌프,http://chungjinkorea.com/kr/product/view.php?idx=672,성공,1,성공,main,없음,3,완료,"Phone,Fax,Email",2025-10-18T06:51:09.916300,crawled_products/idx_672.json
Unknown,673,28파이 일반펌프,http://chungjinkorea.com/kr/product/view.php?idx=673,성공,2,성공,main,없음,3,완료,"Phone,Fax,Email",2025-10-18T06:59:15.102950,crawled_products/idx_673.json
Unknown,674,28파이 일반펌프,http://chungjinkorea.com/kr/product/view.php?idx=674,성공,1,성공,main,없음,3,완료,"Phone,Fax,Email",2025-10-18T06:49:49.721472,crawled_products/idx_674.json
Unknown,675,32파이 일반펌프,http://chungjinkorea.com/kr/product/view.php?idx=675,성공,2,성공,main,없음,3,완료,"Phone,Fax,Email",2025-10-18T06:50:34.649388,crawled_products/idx_675.json
Unknown,676,32파이 일반펌프,http://chungjinkorea.com/kr/product/view.php?idx=676,성공,1,성공,main,없음,3,완료,"Phone,Fax,Email",2025-10-18T07:02:17.306787,crawled_products/idx_676.json
Unknown,677,24파이 일반펌프,http://chungjinkorea.com/kr/product/view.php?idx=677,성공,2,성공,main,없음,3,완료,"Phone,Fax,Email",2025-10-18T06:47:29.374118,crawled_products/idx_677.json
Unknown,678,24파이 일반펌프,http://chungjinkorea.com/kr/product/view.php?idx=678,성공,1,성공,main,없음,3,완료,"Phone,Fax,Email",2025-10-18T07:01:59.379659,crawled_products/idx_678.json
Unknown,679,28파이 일반펌프,http://chungjinkorea.com/kr/product/view.php?idx=679,성공,2,성공,main,없음,3,완료,"Phone,Fax,Email",2025-10-18T06:56:10.771132,crawled_products/idx_679.json
Unknown,680,28파이 일반펌프,http://chungjinkorea.com/kr/product/view.php?idx=680,성공,1,성공,main,없음,3,완료,"Phone,Fax,Email",2025-10-18T06:57:31.421406,crawled_products/idx_680.json
Unknown,681,32파이 일반펌프,http://chungjinkorea.com/kr/product/view.php?idx=681,성공,2,성공,main,없음,3,완료,"Phone,Fax,Email",2025-10-18T06:58:27.751370,crawled_products/idx_681.json
Unknown,682,32파이 일반펌프,http://chungjinkorea.com/kr/product/view.php?idx=682,성공,1,성공,main,없음,3,완료,"Phone,Fax,Email",2025-10-18T06:46:36.328124,crawled_products/idx_682.json
Unknown,683,32파이 일반펌프,http://chungjinkorea.com/kr/product/view.php?idx=683,성공,1,성공,main,없음,3,완료,"Phone,Fax,Email",2025-10-18T06:56:27.972636,crawled_products/idx_683.json
Unknown,684,32파이 일반펌프,http://chungjinkorea.com/kr/product/view.php?idx=684,성공,1,성공,main,없음,3,완료,"Phone,Fax,Email",2025-10-18T06:53:05.198383,crawled_products/idx_684.json
Unknown,685,32파이 일반펌프,http://chungjinkorea.com/kr/product/view.php?idx=685,성공,2,성공,main,없음,3,완료,"Phone,Fax,Email",2025-10-18T06:54:40.067971,crawled_products/idx_685.json
Unknown,686,32파이 일반펌프,http://chungjinkorea.com/kr/product/view.php?idx=686,성공,1,성공,main,없음,3,완료,"Phone,Fax,Email",2025-10-18T06:46:27.815212,crawled_products/idx_686.json
Unknown,687,24파이 고점도펌프,http://chungjinkorea.com/kr/product/view.php?idx=687,성공,1,성공,main,없음,3,완료,"Phone,Fax,Email",2025-10-18T06:52:21.486106,crawled_products/idx_687.json
Unknown,688,28파이 고점도펌프,http://chungjinkorea.com/kr/product/view.php?idx=688,성공,1,성공,main,없음,3,완료,"Phone,Fax,Email",2025-10-18T06:49:14.262570,crawled_products/idx_688.json
Unknown,689,32파이 고점도펌프,http://chungjinkorea.com/kr/product/view.php?idx=689,성공,1,성공,main,없음,3,완료,"Phone,Fax,Email",2025-10-18T06:55:23.358877,crawled_products/idx_689.json
Unknown,691,24파이 고점도펌프,http://chungjinkorea.com/kr/product/view.php?idx=691,성공,1,성공,main,없음,3,완료,"Phone,Fax,Email",2025-10-18T06:52:56.579725,crawled_products/idx_691.json
Unknown,692,32파이 고점도펌프,http://chungjinkorea.com/kr/product/view.php?idx=692,성공,1,성공,main,없음,3,완료,"Phone,Fax,Email",2025-10-18T07:03:59.807734,crawled_products/idx_692.json
Unknown,693,32파이 무광 고점도펌프,http://chungjinkorea.com/kr/product/view.php?idx=693,성공,1,성공,main,없음,3,완료,"Phone,Fax,Email",2025-10-18T07:03:34.627527,crawled_products/idx_693.json
Unknown,694,32파이 리무버 펌프,http://chungjinkorea.com/kr/product/view.php?idx=694,성공,2,성공,main,없음,3,완료,"Phone,Fax,Email",2025-10-18T07:02:42.726345,crawled_products/idx_694.json
Unknown,695,43파이 스토퍼형 거품펌프,http://chungjinkorea.com/kr/product/view.php?idx=695,성공,1,성공,main,없음,3,완료,"Phone,Fax,Email",2025-10-18T06:54:12.062330,crawled_products/idx_695.json
Unknown,696,43파이 오버캡형 거품펌프,http://chungjinkorea.com/kr/product/view.php?idx=696,성공,1,성공,main,없음,3,완료,"Phone,Fax,Email",2025-10-18T06:45:25.488435,crawled_products/idx_696.json
Unknown,697,28파이 건스프레이 ,http://chungjinkorea.com/kr/product/view.php?idx=697,성공,1,성공,main,없음,3,완료,"Phone,Fax,Email",2025-10-18T07:04:17.208060,crawled_products/idx_697.json
Unknown,698,28파이 건스프레이,http://chungjinkorea.com/kr/product/view.php?idx=698,성공,1,성공,main,없음,3,완료,"Phone,Fax,Email",2025-10-18T06:47:46.863603,crawled_products/idx_698.json
Unknown,699,28파이 폼건스프레이,http://chungjinkorea.com/kr/product/view.php?idx=699,성공,1,성공,main,없음,3,완료,"Phone,Fax,Email",2025-10-18T07:02:25.505748,crawled_products/idx_699.json
Unknown,700,28파이 폼건스프레이,http://chungjinkorea.com/kr/product/view.php?idx=700,성공,1,성공,main,없음,3,완료,"Phone,Fax,Email",2025-10-18T06:58:11.541522,crawled_products/idx_700.json
Unknown,701,24파이 미니건스프레이,http://chungjinkorea.com/kr/product/view.php?idx=701,성공,1,성공,main,없음,3,완료,"Phone,Fax,Email",2025-10-18T06:59:45.383915,crawled_products/idx_701.json
Unknown,702,24파이 미니건스프레이,http://chungjinkorea.com/kr/product/view.php?idx=702,성공,1,성공,main,없음,3,완료,"Phone,Fax,Email",2025-10-18T06:49:05.702212,crawled_products/idx_702.json
Unknown,703,20파이 미스트펌프,http://chungjinkorea.com/kr/product/view.php?idx=703,성공,1,성공,main,없음,3,완료,"Phone,Fax,Email",2025-10-18T06:56:19.329791,crawled_products/idx_703.json
Unknown,704,24파이 미스트펌프,http://chungjinkorea.com/kr/product/view.php?idx=704,성공,1,성공,main,없음,3,완료,"Phone,Fax,Email",2025-10-18T07:00:02.746097,crawled_products/idx_704.json
Unknown,705,24파이 풀커버 미스트펌프,http://chungjinkorea.com/kr/product/view.php?idx=705,성공,1,성공,main,없음,3,완료,"Phone,Fax,Email",2025-10-18T07:04:35.030012,crawled_products/idx_705.json
Unknown,706,20파이 미스트펌프,http://chungjinkorea.com/kr/product/view.php?idx=706,성공,1,성공,main,없음,3,완료,"Phone,Fax,Email",2025-10-18T06:48:57.082740,crawled_products/idx_706.json
Unknown,707,24파이 미스트펌프,http://chungjinkorea.com/kr/product/view.php?idx=707,성공,1,성공,main,없음,3,완료,"Phone,Fax,Email",2025-10-18T07:02:07.655940,crawled_products/idx_707.json
Unknown,709,24파이 미스트펌프,http://chungjinkorea.com/kr/product/view.php?idx=709,성공,1,성공,main,없음,3,완료,"Phone,Fax,Email",2025-10-18T06:54:30.241103,crawled_products/idx_709.json
Unknown,710,24파이 일자형 미스트펌프,http://chungjinkorea.com/kr/product/view.php?idx=710,성공,1,성공,main,없음,3,완료,"Phone,Fax,Email",2025-10-18T06:58:51.416249,crawled_products/idx_710.json
Unknown,711,20파이 코미스트펌프,http://chungjinkorea.com/kr/product/view.php?idx=711,성공,1,성공,main,없음,3,완료,"Phone,Fax,Email",2025-10-18T06:49:58.243308,crawled_products/idx_711.json
Unknown,712,24파이 코미스트펌프,http://chungjinkorea.com/kr/product/view.php?idx=712,성공,1,성공,main,없음,3,완료,"Phone,Fax,Email",2025-10-18T06:51:00.448702,crawled_products/idx_712.json
Unknown,713,20파이 미세분사 미스트펌프,http://chungjinkorea.com/kr/product/view.php?idx=713,성공,1,성공,main,없음,3,완료,"Phone,Fax,Email",2025-10-18T06:46:44.899152,crawled_products/idx_713.json
Unknown,714,24파이 미세분사 미스트펌프,http://chungjinkorea.com/kr/product/view.php?idx=714,성공,1,성공,main,없음,3,완료,"Phone,Fax,Email",2025-10-18T06:55:32.878537,crawled_products/idx_714.json
Unknown,716,20파이 에센스펌프,http://chungjinkorea.com/kr/product/view.php?idx=716,성공,1,성공,main,없음,3,완료,"Phone,Fax,Email",2025-10-18T06:55:43.691143,crawled_products/idx_716.json
Unknown,718,24파이 에센스펌프,http://chungjinkorea.com/kr/product/view.php?idx=718,성공,1,성공,main,없음,3,완료,"Phone,Fax,Email",2025-10-18T06:57:08.461482,crawled_products/idx_718.json
Unknown,719,18파이 에센스펌프(소),http://chungjinkorea.com/kr/product/view.php?idx=719,성공,1,성공,main,없음,3,완료,"Phone,Fax,Email",2025-10-18T06:57:23.492557,crawled_products/idx_719.json
Unknown,720,18파이 에센스펌프,http://chungjinkorea.com/kr/product/view.php?idx=720,성공,1,성공,main,없음,3,완료,"Phone,Fax,Email",2025-10-18T06:48:03.805038,crawled_products/idx_720.json
Unknown,721,24파이 풀커버 에센스펌프,http://chungjinkorea.com/kr/product/view.php?idx=721,성공,1,성공,main,없음,3,완료,"Phone,Fax,Email",2025-10-18T06:54:02.029020,crawled_products/idx_721.json
Unknown,723,24파이 오일펌프,http://chungjinkorea.com/kr/product/view.php?idx=723,성공,1,성공,main,없음,3,완료,"Phone,Fax,Email",2025-10-18T06:56:03.101467,crawled_products/idx_723.json
Unknown,724,24파이 온오프펌프,http://chungjinkorea.com/kr/product/view.php?idx=724,성공,1,성공,main,없음,3,완료,"Phone,Fax,Email",2025-10-18T06:51:36.119023,crawled_products/idx_724.json
Unknown,725,24파이 온오프 오일펌프,http://chungjinkorea.com/kr/product/view.php?idx=725,성공,2,성공,main,없음,3,완료,"Phone,Fax,Email",2025-10-18T06:53:40.907948,crawled_products/idx_725.json
Unknown,726,20파이 프레스캡,http://chungjinkorea.com/kr/product/view.php?idx=726,성공,2,성공,main,없음,3,완료,"Phone,Fax,Email",2025-10-18T06:55:13.108357,crawled_products/idx_726.json
Unknown,727,24파이 프레스캡,http://chungjinkorea.com/kr/product/view.php?idx=727,성공,2,성공,main,없음,3,완료,"Phone,Fax,Email",2025-10-18T07:00:47.834846,crawled_products/idx_727.json
Unknown,729,28파이 프레스캡,http://chungjinkorea.com/kr/product/view.php?idx=729,성공,2,성공,main,없음,3,완료,"Phone,Fax,Email",2025-10-18T07:04:26.287562,crawled_products/idx_729.json
Unknown,732,20파이 원터치캡,http://chungjinkorea.com/kr/product/view.php?idx=732,성공,2,성공,main,없음,3,완료,"Phone,Fax,Email",2025-10-18T06:53:32.538414,crawled_products/idx_732.json
Unknown,733,24파이 원터치캡(3파이),http://chungjinkorea.com/kr/product/view.php?idx=733,성공,2,성공,main,없음,3,완료,"Phone,Fax,Email",2025-10-18T06:46:19.147302,crawled_products/idx_733.json
Unknown,734,24파이 원터치캡(6파이),http://chungjinkorea.com/kr/product/view.php?idx=734,성공,2,성공,main,없음,3,완료,"Phone,Fax,Email",2025-10-18T07:03:18.076680,crawled_products/idx_734.json
Unknown,735,28파이 원터치캡,http://chungjinkorea.com/kr/product/view.php?idx=735,성공,2,성공,main,없음,3,완료,"Phone,Fax,Email",2025-10-18T06:57:16.122944,crawled_products/idx_735.json
Unknown,736,24파이 무광 원터치캡,http://chungjinkorea.com/kr/product/view.php?idx=736,성공,2,성공,main,없음,3,완료,"Phone,Fax,Email",2025-10-18T06:47:20.696053,crawled_products/idx_736.json
Unknown,737,24파이 둥근머리원터치캡,http://chungjinkorea.com/kr/product/view.php?idx=737,성공,2,성공,main,없음,3,완료,"Phone,Fax,Email",2025-10-18T06:48:21.615761,crawled_products/idx_737.json
Unknown,738,24파이 둥근머리원터치캡,http://chungjinkorea.com/kr/product/view.php?idx=738,성공,2,성공,main,없음,3,완료,"Phone,Fax,Email",2025-10-18T06:45:08.328215,crawled_products/idx_738.json
Unknown,739,24파이 원터치캡,http://chungjinkorea.com/kr/product/view.php?idx=739,성공,2,성공,main,없음,3,완료,"Phone,Fax,Email",2025-10-18T06:46:10.006836,crawled_products/idx_739.json
Unknown,740,20파이 룰렛캡,http://chungjinkorea.com/kr/product/view.php?idx=740,성공,1,성공,main,없음,3,완료,"Phone,Fax,Email",2025-10-18T07:03:51.323400,crawled_products/idx_740.json
Unknown,741,24파이 룰렛캡,http://chungjinkorea.com/kr/product/view.php?idx=741,성공,1,성공,main,없음,3,완료,"Phone,Fax,Email",2025-10-18T06:50:25.119952,crawled_products/idx_741.json
Unknown,742,28파이 룰렛캡,http://chungjinkorea.com/kr/product/view.php?idx=742,성공,1,성공,main,없음,3,완료,"Phone,Fax,Email",2025-10-18T07:00:57.875197,crawled_products/idx_742.json
Unknown,743,32파이 룰렛캡,http://chungjinkorea.com/kr/product/view.php?idx=743,성공,1,성공,main,없음,3,완료,"Phone,Fax,Email",2025-10-18T06:51:18.506960,crawled_products/idx_743.json
Unknown,744,43파이 룰렛캡,http://chungjinkorea.com/kr/product/view.php?idx=744,성공,1,성공,main,없음,3,완료,"Phone,Fax,Email",2025-10-18T06:48:12.254074,crawled_products/idx_744.json
Unknown,745,20파이 민자 단캡,http://chungjinkorea.com/kr/product/view.php?idx=745,성공,1,성공,main,없음,3,완료,"Phone,Fax,Email",2025-10-18T06:58:19.762529,crawled_products/idx_745.json
Unknown,746,24파이 민자캡,http://chungjinkorea.com/kr/product/view.php?idx=746,성공,1,성공,main,없음,3,완료,"Phone,Fax,Email",2025-10-18T07:03:26.286579,crawled_products/idx_746.json
Unknown,747,28파이 민자캡,http://chungjinkorea.com/kr/product/view.php?idx=747,성공,1,성공,main,없음,3,완료,"Phone,Fax,Email",2025-10-18T07:01:50.067028,crawled_products/idx_747.json
Unknown,748,32파이 민자캡,http://chungjinkorea.com/kr/product/view.php?idx=748,성공,1,성공,main,없음,3,완료,"Phone,Fax,Email",2025-10-18T06:52:03.037360,crawled_products/idx_748.json
Unknown,749,20파이 스킨각캡,http://chungjinkorea.com/kr/product/view.php?idx=749,성공,1,성공,main,없음,3,완료,"Phone,Fax,Email",2025-10-18T06:54:21.278456,crawled_products/idx_749.json
Unknown,750,24파이 스킨각캡,http://chungjinkorea.com/kr/product/view.php?idx=750,성공,1,성공,main,없음,3,완료,"Phone,Fax,Email",2025-10-18T07:01:23.645834,crawled_products/idx_750.json
Unknown,751,20파이 이중단캡,http://chungjinkorea.com/kr/product/view.php?idx=751,성공,1,성공,main,없음,3,완료,"Phone,Fax,Email",2025-10-18T06:46:53.689055,crawled_products/idx_751.json
Unknown,752,24파이 이중단캡,http://chungjinkorea.com/kr/product/view.php?idx=752,성공,1,성공,main,없음,3,완료,"Phone,Fax,Email",2025-10-18T06:50:43.279834,crawled_products/idx_752.json
Unknown,753,40파이 이중캡,http://chungjinkorea.com/kr/product/view.php?idx=753,성공,2,성공,main,없음,3,완료,"Phone,Fax,Email",2025-10-18T06:48:30.874583,crawled_products/idx_753.json
Unknown,754,41파이 이중캡,http://chungjinkorea.com/kr/product/view.php?idx=754,성공,2,성공,main,없음,3,완료,"Phone,Fax,Email",2025-10-18T06:52:11.808226,crawled_products/idx_754.json
Unknown,755,45파이 이중캡,http://chungjinkorea.com/kr/product/view.php?idx=755,성공,2,성공,main,없음,3,완료,"Phone,Fax,Email",2025-10-18T06:50:07.491756,crawled_products/idx_755.json
Unknown,756,50파이 이중캡,http://chungjinkorea.com/kr/product/view.php?idx=756,성공,2,성공,main,없음,3,완료,"Phone,Fax,Email",2025-10-18T06:57:01.201479,crawled_products/idx_756.json
Unknown,759,20파이 내지캡,http://chungjinkorea.com/kr/product/view.php?idx=759,성공,1,성공,main,없음,3,완료,"Phone,Fax,Email",2025-10-18T06:46:00.822305,crawled_products/idx_759.json
Unknown,760,24파이 내지캡,http://chungjinkorea.com/kr/product/view.php?idx=760,성공,1,성공,main,없음,3,완료,"Phone,Fax,Email",2025-10-18T06:59:37.352672,crawled_products/idx_760.json
Unknown,761,28파이 내지캡,http://chungjinkorea.com/kr/product/view.php?idx=761,성공,1,성공,main,없음,3,완료,"Phone,Fax,Email",2025-10-18T06:49:22.771789,crawled_products/idx_761.json
Unknown,762,32파이 내지캡,http://chungjinkorea.com/kr/product/view.php?idx=762,성공,1,성공,main,없음,3,완료,"Phone,Fax,Email",2025-10-18T06:49:32.009665,crawled_products/idx_762.json
Unknown,763,24파이 스킨 R캡,http://chungjinkorea.com/kr/product/view.php?idx=763,성공,1,성공,main,없음,3,완료,"Phone,Fax,Email",2025-10-18T06:58:59.271659,crawled_products/idx_763.json
Unknown,776,270g 크림사출용기,http://chungjinkorea.com/kr/product/view.php?idx=776,성공,2,성공,main,없음,3,완료,"Phone,Fax,Email",2025-10-18T02:49:04.904451,crawled_products/idx_776.json
Unknown,777,450g 크림사출용기,http://chungjinkorea.com/kr/product/view.php?idx=777,성공,2,성공,main,성공,3,완료,"Phone,Fax,Email",2025-10-18T02:52:49.184312,crawled_products/idx_777.json
Unknown,779,100g 크림사출용기,http://chungjinkorea.com/kr/product/view.php?idx=779,성공,2,성공,main,성공,3,완료,"Phone,Fax,Email",2025-10-18T02:51:02.624571,crawled_products/idx_779.json
Unknown,780,120g 크림사출용기,http://chungjinkorea.com/kr/product/view.php?idx=780,성공,2,성공,main,없음,3,완료,"Phone,Fax,Email",2025-10-18T02:52:19.752926,crawled_products/idx_780.json
Unknown,781,500g 크림사출용기,http://chungjinkorea.com/kr/product/view.php?idx=781,성공,2,성공,main,성공,3,완료,"Phone,Fax,Email",2025-10-18T02:49:23.513176,crawled_products/idx_781.json
Unknown,782,250g 크림사출용기,http://chungjinkorea.com/kr/product/view.php?idx=782,성공,2,성공,main,성공,3,완료,"Phone,Fax,Email",2025-10-18T02:48:57.301187,crawled_products/idx_782.json
Unknown,783,300g 크림사출용기,http://chungjinkorea.com/kr/product/view.php?idx=783,성공,2,성공,main,성공,3,완료,"Phone,Fax,Email",2025-10-18T02:51:33.726758,crawled_products/idx_783.json
Unknown,784,500g 크림사출용기,http://chungjinkorea.com/kr/product/view.php?idx=784,성공,2,성공,main,성공,3,완료,"Phone,Fax,Email",2025-10-18T02:47:52.333075,crawled_products/idx_784.json
Unknown,785,15g 크림사출용기,http://chungjinkorea.com/kr/product/view.php?idx=785,성공,2,성공,main,없음,3,완료,"Phone,Fax,Email",2025-10-18T02:47:19.776644,crawled_products/idx_785.json
Unknown,787,300g 크림사출용기,http://chungjinkorea.com/kr/product/view.php?idx=787,성공,2,성공,main,성공,3,완료,"Phone,Fax,Email",2025-10-18T02:47:10.825240,crawled_products/idx_787.json
Unknown,788,500g 크림사출용기,http://chungjinkorea.com/kr/product/view.php?idx=788,성공,2,성공,main,성공,3,완료,"Phone,Fax,Email",2025-10-18T02:48:46.357760,crawled_products/idx_788.json
Unknown,790,50g 크림사출용기,http://chungjinkorea.com/kr/product/view.php?idx=790,성공,2,성공,main,성공,3,완료,"Phone,Fax,Email",2025-10-18T02:49:33.694339,crawled_products/idx_790.json
Unknown,792,300g 크림사출용기,http://chungjinkorea.com/kr/product/view.php?idx=792,성공,2,성공,main,성공,3,완료,"Phone,Fax,Email",2025-10-18T02:51:57.370701,crawled_products/idx_792.json
Unknown,797,40파이 이중캡,http://chungjinkorea.com/kr/product/view.php?idx=797,성공,1,성공,main,없음,3,완료,"Phone,Fax,Email",2025-10-18T06:51:45.269113,crawled_products/idx_797.json
Unknown,798,20파이 이중캡 안개미스트,http://chungjinkorea.com/kr/product/view.php?idx=798,성공,2,성공,main,없음,3,완료,"Phone,Fax,Email",2025-10-18T06:59:54.374023,crawled_products/idx_798.json
Unknown,799,24파이 이중캡 안개미스트,http://chungjinkorea.com/kr/product/view.php?idx=799,성공,2,성공,main,없음,3,완료,"Phone,Fax,Email",2025-10-18T06:59:22.708673,crawled_products/idx_799.json
Unknown,807,220g 원터치패드 크림용기,http://chungjinkorea.com/kr/product/view.php?idx=807,성공,3,성공,"additional_2,main",없음,3,완료,"Phone,Fax,Email",2025-10-18T02:48:36.344581,crawled_products/idx_807.json
Bottle,809,30ml 헤비브로우용기,http://chungjinkorea.com/kr/product/view.php?idx=809,성공,4,성공,"additional_2,main,additional_3",성공,3,완료,"Phone,Fax,Email",2025-10-18T13:00:23.221140,crawled_products/idx_809.json
Bottle,810,1000ml 브로우용기,http://chungjinkorea.com/kr/product/view.php?idx=810,성공,2,성공,main,성공,3,완료,"Phone,Fax,Email",2025-10-18T12:37:15.242855,crawled_products/idx_810.json
Bottle,811,100ml 헤비브로우용기,http://chungjinkorea.com/kr/product/view.php?idx=811,성공,2,성공,main,성공,3,완료,"Phone,Fax,Email",2025-10-18T12:33:51.698835,crawled_products/idx_811.json
Unknown,812,150g 크림사출용기,http://chungjinkorea.com/kr/product/view.php?idx=812,성공,2,성공,main,성공,3,완료,"Phone,Fax,Email",2025-10-18T02:52:39.430689,crawled_products/idx_812.json
Unknown,813,200g 크림사출용기,http://chungjinkorea.com/kr/product/view.php?idx=813,성공,2,성공,main,성공,3,완료,"Phone,Fax,Email",2025-10-18T02:51:12.950960,crawled_products/idx_813.json
Bottle,814,120ml 튜브브로우용기,http://chungjinkorea.com/kr/product/view.php?idx=814,성공,2,성공,main,성공,3,완료,"Phone,Fax,Email",2025-10-18T12:53:23.041939,crawled_products/idx_814.json
Bottle,815,165ml 브로우용기,http://chungjinkorea.com/kr/product/view.php?idx=815,성공,3,성공,"additional_2,main",성공,3,완료,"Phone,Fax,Email",2025-10-18T12:32:18.251687,crawled_products/idx_815.json
Bottle,816,200ml 브로우용기,http://chungjinkorea.com/kr/product/view.php?idx=816,성공,3,성공,"additional_2,main",성공,3,완료,"Phone,Fax,Email",2025-10-18T13:03:02.629049,crawled_products/idx_816.json
Bottle,817,10ml 브로우용기,http://chungjinkorea.com/kr/product/view.php?idx=817,성공,3,성공,"additional_2,main",성공,3,완료,"Phone,Fax,Email",2025-10-18T12:51:50.220042,crawled_products/idx_817.json
Bottle,818,200ml 브로우용기,http://chungjinkorea.com/kr/product/view.php?idx=818,성공,2,성공,main,성공,3,완료,"Phone,Fax,Email",2025-10-18T12:38:56.200065,crawled_products/idx_818.json
Unknown,820,43파이 오버캡형 무광 거품펌프,http://chungjinkorea.com/kr/product/view.php?idx=820,성공,1,성공,main,없음,3,완료,"Phone,Fax,Email",2025-10-18T07:03:09.619785,crawled_products/idx_820.json
Unknown,821,20파이 풀커버 안개미스트,http://chungjinkorea.com/kr/product/view.php?idx=821,성공,1,성공,main,없음,3,완료,"Phone,Fax,Email",2025-10-18T06:45:34.777659,crawled_products/idx_821.json
Unknown,822,20파이 풀커버 에센스펌프,http://chungjinkorea.com/kr/product/view.php?idx=822,성공,1,성공,main,없음,3,완료,"Phone,Fax,Email",2025-10-18T06:48:48.101920,crawled_products/idx_822.json
Bottle,823,210ml 브로우용기,http://chungjinkorea.com/kr/product/view.php?idx=823,성공,2,성공,main,성공,3,완료,"Phone,Fax,Email",2025-10-18T12:37:24.616145,crawled_products/idx_823.json
Bottle,824,65ml 튜브브로우용기,http://chungjinkorea.com/kr/product/view.php?idx=824,성공,2,성공,main,성공,3,완료,"Phone,Fax,Email",2025-10-18T12:33:33.474938,crawled_products/idx_824.json
Bottle,825,120ml 브로우용기,http://chungjinkorea.com/kr/product/view.php?idx=825,성공,3,성공,"additional_2,main",성공,3,완료,"Phone,Fax,Email",2025-10-18T12:49:50.857930,crawled_products/idx_825.json
Bottle,826,300ml 다층브로우용기,http://chungjinkorea.com/kr/product/view.php?idx=826,성공,3,성공,"additional_2,main",성공,3,완료,"Phone,Fax,Email",2025-10-18T12:34:01.521257,crawled_products/idx_826.json
Bottle,827,30ml 브로우용기,http://chungjinkorea.com/kr/product/view.php?idx=827,성공,3,성공,"additional_2,main",성공,3,완료,"Phone,Fax,Email",2025-10-18T12:41:33.437982,crawled_products/idx_827.json
Bottle,828,10ml 브로우용기,http://chungjinkorea.com/kr/product/view.php?idx=828,성공,3,성공,"additional_2,main",성공,3,완료,"Phone,Fax,Email",2025-10-18T12:39:24.703767,crawled_products/idx_828.json
Bottle,829,50ml 브로우용기,http://chungjinkorea.com/kr/product/view.php?idx=829,성공,3,성공,"additional_2,main",성공,3,완료,"Phone,Fax,Email",2025-10-18T12:57:38.484946,crawled_products/idx_829.json
Bottle,830,100ml 헤비브로우용기,http://chungjinkorea.com/kr/product/view.php?idx=830,성공,2,성공,main,성공,3,완료,"Phone,Fax,Email",2025-10-18T12:39:43.113417,crawled_products/idx_830.json
Unknown,831,500g 원터치패드 크림용기,http://chungjinkorea.com/kr/product/view.php?idx=831,성공,2,성공,main,성공,3,완료,"Phone,Fax,Email",2025-10-18T02:48:01.185563,crawled_products/idx_831.json
Bottle,832,300ml 브로우용기,http://chungjinkorea.com/kr/product/view.php?idx=832,성공,2,성공,main,성공,3,완료,"Phone,Fax,Email",2025-10-18T12:32:28.072485,crawled_products/idx_832.json
Bottle,833,400ml 브로우용기,http://chungjinkorea.com/kr/product/view.php?idx=833,성공,3,성공,"additional_2,main",성공,3,완료,"Phone,Fax,Email",2025-10-18T12:50:54.975740,crawled_products/idx_833.json
Bottle,834,80ml 오버캡브로우용기,http://chungjinkorea.com/kr/product/view.php?idx=834,성공,2,성공,main,성공,3,완료,"Phone,Fax,Email",2025-10-18T13:03:12.145732,crawled_products/idx_834.json
Bottle,835,100ml 오버캡브로우용기,http://chungjinkorea.com/kr/product/view.php?idx=835,성공,2,성공,main,성공,3,완료,"Phone,Fax,Email",2025-10-18T12:35:57.408990,crawled_products/idx_835.json
Bottle,836,200ml 브로우용기,http://chungjinkorea.com/kr/product/view.php?idx=836,성공,2,성공,main,성공,3,완료,"Phone,Fax,Email",2025-10-18T12:55:03.268815,crawled_products/idx_836.json
Bottle,837,300ml 브로우용기,http://chungjinkorea.com/kr/product/view.php?idx=837,성공,3,성공,"additional_2,main",성공,3,완료,"Phone,Fax,Email",2025-10-18T12:49:03.692398,crawled_products/idx_837.json
Bottle,838,1000ml 브로우용기,http://chungjinkorea.com/kr/product/view.php?idx=838,성공,2,성공,main,성공,3,완료,"Phone,Fax,Email",2025-10-18T12:51:40.694245,crawled_products/idx_838.json
Bottle,839,200ml 브로우용기,http://chungjinkorea.com/kr/product/view.php?idx=839,성공,2,성공,main,성공,3,완료,"Phone,Fax,Email",2025-10-18T12:48:54.228283,crawled_products/idx_839.json
Bottle,840,60ml 브로우용기,http://chungjinkorea.com/kr/product/view.php?idx=840,성공,3,성공,"additional_2,main",성공,3,완료,"Phone,Fax,Email",2025-10-18T12:56:13.640181,crawled_products/idx_840.json
Bottle,841,30ml 브로우용기,http://chungjinkorea.com/kr/product/view.php?idx=841,성공,2,성공,main,성공,3,완료,"Phone,Fax,Email",2025-10-18T12:47:44.526795,crawled_products/idx_841.json
Bottle,842,300ml 거품브로우용기,http://chungjinkorea.com/kr/product/view.php?idx=842,성공,4,성공,"additional_2,main,additional_3",성공,3,완료,"Phone,Fax,Email",2025-10-18T12:42:30.162754,crawled_products/idx_842.json
Bottle,843,100ml 거품브로우용기,http://chungjinkorea.com/kr/product/view.php?idx=843,성공,1,성공,main,성공,3,완료,"Phone,Fax,Email",2025-10-18T13:01:01.615545,crawled_products/idx_843.json
Unknown,845,24파이 무광 고점도펌프,http://chungjinkorea.com/kr/product/view.php?idx=845,성공,1,성공,main,없음,3,완료,"Phone,Fax,Email",2025-10-18T07:02:33.817045,crawled_products/idx_845.json
Unknown,846,28파이 무광 고점도펌프,http://chungjinkorea.com/kr/product/view.php?idx=846,성공,1,성공,main,없음,3,완료,"Phone,Fax,Email",2025-10-18T07:00:29.315408,crawled_products/idx_846.json
Unknown,847,32파이 무광 고점도펌프,http://chungjinkorea.com/kr/product/view.php?idx=847,성공,1,성공,main,없음,3,완료,"Phone,Fax,Email",2025-10-18T06:53:23.759642,crawled_products/idx_847.json
Unknown,848,28파이 무광 고점도 펌프,http://chungjinkorea.com/kr/product/view.php?idx=848,성공,1,성공,main,없음,3,완료,"Phone,Fax,Email",2025-10-18T06:48:39.612194,crawled_products/idx_848.json
Unknown,849,24파이 무광 고점도펌프,http://chungjinkorea.com/kr/product/view.php?idx=849,성공,1,성공,main,없음,3,완료,"Phone,Fax,Email",2025-10-18T06:57:46.791793,crawled_products/idx_849.json
Bottle,850,5ml 헤비브로우용기,http://chungjinkorea.com/kr/product/view.php?idx=850,성공,3,성공,"additional_2,main",성공,3,완료,"Phone,Fax,Email",2025-10-18T12:31:03.874843,crawled_products/idx_850.json
Bottle,851,10ml 헤비브로우용기,http://chungjinkorea.com/kr/product/view.php?idx=851,성공,3,성공,"additional_2,main",성공,3,완료,"Phone,Fax,Email",2025-10-18T12:59:35.428821,crawled_products/idx_851.json
Bottle,853,300ml 브로우용기,http://chungjinkorea.com/kr/product/view.php?idx=853,성공,3,성공,"additional_2,main",성공,3,완료,"Phone,Fax,Email",2025-10-18T12:58:07.351682,crawled_products/idx_853.json
Unknown,854,300g 원터치패드 크림용기,http://chungjinkorea.com/kr/product/view.php?idx=854,성공,3,성공,"additional_2,main",성공,3,완료,"Phone,Fax,Email",2025-10-18T02:49:54.174507,crawled_products/idx_854.json
Unknown,856,24파이 온오프펌프,http://chungjinkorea.com/kr/product/view.php?idx=856,성공,1,성공,main,없음,3,완료,"Phone,Fax,Email",2025-10-18T06:57:39.201070,crawled_products/idx_856.json
Unknown,857,28파이 온오프펌프,http://chungjinkorea.com/kr/product/view.php?idx=857,성공,1,성공,main,없음,3,완료,"Phone,Fax,Email",2025-10-18T06:52:47.787779,crawled_products/idx_857.json
Unknown,858,24파이 온오프펌프,http://chungjinkorea.com/kr/product/view.php?idx=858,성공,1,성공,main,없음,3,완료,"Phone,Fax,Email",2025-10-18T07:04:52.638400,crawled_products/idx_858.json
Unknown,859,28파이 온오프펌프,http://chungjinkorea.com/kr/product/view.php?idx=859,성공,1,성공,main,없음,3,완료,"Phone,Fax,Email",2025-10-18T06:45:16.918227,crawled_products/idx_859.json
Bottle,860,50ml 헤비브로우용기,http://chungjinkorea.com/kr/product/view.php?idx=860,성공,2,성공,main,성공,3,완료,"Phone,Fax,Email",2025-10-18T12:41:23.767757,crawled_products/idx_860.json
Bottle,861,80ml 헤비브로우용기,http://chungjinkorea.com/kr/product/view.php?idx=861,성공,3,성공,"additional_2,main",성공,3,완료,"Phone,Fax,Email",2025-10-18T12:30:54.626013,crawled_products/idx_861.json
Bottle,862,350ml 브로우용기,http://chungjinkorea.com/kr/product/view.php?idx=862,성공,2,성공,main,성공,3,완료,"Phone,Fax,Email",2025-10-18T12:51:59.520481,crawled_products/idx_862.json
Bottle,863,30ml 브로우용기,http://chungjinkorea.com/kr/product/view.php?idx=863,성공,2,성공,main,성공,3,완료,"Phone,Fax,Email",2025-10-18T12:30:45.316276,crawled_products/idx_863.json
Unknown,864,20파이 민자 장캡,http://chungjinkorea.com/kr/product/view.php?idx=864,성공,2,성공,main,없음,3,완료,"Phone,Fax,Email",2025-10-18T06:47:02.345474,crawled_products/idx_864.json
Bottle,865,180ml 브로우용기,http://chungjinkorea.com/kr/product/view.php?idx=865,성공,2,성공,main,성공,3,완료,"Phone,Fax,Email",2025-10-18T13:02:44.144155,crawled_products/idx_865.json
Bottle,866,190ml 브로우용기,http://chungjinkorea.com/kr/product/view.php?idx=866,성공,2,성공,main,성공,3,완료,"Phone,Fax,Email",2025-10-18T12:56:03.872705,crawled_products/idx_866.json
Bottle,867,450ml 브로우용기,http://chungjinkorea.com/kr/product/view.php?idx=867,성공,2,성공,main,성공,3,완료,"Phone,Fax,Email",2025-10-18T12:53:59.540572,crawled_products/idx_867.json
Bottle,868,500ml 브로우용기,http://chungjinkorea.com/kr/product/view.php?idx=868,성공,2,성공,main,성공,3,완료,"Phone,Fax,Email",2025-10-18T12:33:42.594289,crawled_products/idx_868.json
Bottle,869,750ml 브로우용기,http://chungjinkorea.com/kr/product/view.php?idx=869,성공,2,성공,main,성공,3,완료,"Phone,Fax,Email",2025-10-18T12:41:14.609973,crawled_products/idx_869.json
Unknown,870,24파이 스킨 장캡,http://chungjinkorea.com/kr/product/view.php?idx=870,성공,2,성공,main,없음,3,완료,"Phone,Fax,Email",2025-10-18T06:57:54.271709,crawled_products/idx_870.json
Bottle,871,700ml 브로우용기,http://chungjinkorea.com/kr/product/view.php?idx=871,성공,3,성공,"additional_2,main",성공,3,완료,"Phone,Fax,Email",2025-10-18T12:59:25.830423,crawled_products/idx_871.json
Bottle,873,300ml 브로우용기,http://chungjinkorea.com/kr/product/view.php?idx=873,성공,3,성공,"additional_2,main",성공,3,완료,"Phone,Fax,Email",2025-10-18T13:03:39.560444,crawled_products/idx_873.json
Unknown,874,24파이 무광 온오프펌프,http://chungjinkorea.com/kr/product/view.php?idx=874,성공,1,성공,main,없음,3,완료,"Phone,Fax,Email",2025-10-18T06:59:07.212132,crawled_products/idx_874.json
Unknown,877,50g 헤비 크림용기,http://chungjinkorea.com/kr/product/view.php?idx=877,성공,4,성공,"additional_2,main,additional_3",성공,3,완료,"Phone,Fax,Email",2025-10-18T02:48:19.583571,crawled_products/idx_877.json
Bottle,878,1000ml 브로우용기,http://chungjinkorea.com/kr/product/view.php?idx=878,성공,2,성공,main,성공,3,완료,"Phone,Fax,Email",2025-10-18T13:03:30.089871,crawled_products/idx_878.json
Bottle,879,500ml 브로우용기,http://chungjinkorea.com/kr/product/view.php?idx=879,성공,3,성공,"additional_2,main",성공,3,완료,"Phone,Fax,Email",2025-10-18T12:38:09.831334,crawled_products/idx_879.json
Bottle,880,500ml 브로우용기,http://chungjinkorea.com/kr/product/view.php?idx=880,성공,3,성공,"additional_2,main",성공,3,완료,"Phone,Fax,Email",2025-10-18T13:01:30.053178,crawled_products/idx_880.json
Bottle,881,450ml 다층브로우용기,http://chungjinkorea.com/kr/product/view.php?idx=881,성공,2,성공,main,성공,3,완료,"Phone,Fax,Email",2025-10-18T12:43:52.684166,crawled_products/idx_881.json
Bottle,882,200ml 알약용기,http://chungjinkorea.com/kr/product/view.php?idx=882,성공,3,성공,"additional_2,main",성공,3,완료,"Phone,Fax,Email",2025-10-18T12:57:18.665130,crawled_products/idx_882.json
Unknown,884,600g 크림용기,http://chungjinkorea.com/kr/product/view.php?idx=884,성공,2,성공,main,없음,3,완료,"Phone,Fax,Email",2025-10-18T02:50:42.232093,crawled_products/idx_884.json
Bottle,885,1000ml 브로우용기,http://chungjinkorea.com/kr/product/view.php?idx=885,성공,1,성공,main,성공,3,완료,"Phone,Fax,Email",2025-10-18T12:45:06.116406,crawled_products/idx_885.json
Bottle,886,120ml 브로우용기,http://chungjinkorea.com/kr/product/view.php?idx=886,성공,2,성공,main,성공,3,완료,"Phone,Fax,Email",2025-10-18T12:31:22.227338,crawled_products/idx_886.json
Bottle,887,150ml 헤비브로우 용기,http://chungjinkorea.com/kr/product/view.php?idx=887,성공,3,성공,"additional_2,main",성공,3,완료,"Phone,Fax,Email",2025-10-18T12:48:44.050727,crawled_products/idx_887.json
Bottle,888,400ml 브로우용기,http://chungjinkorea.com/kr/product/view.php?idx=888,성공,2,성공,main,성공,3,완료,"Phone,Fax,Email",2025-10-18T12:48:14.601271,crawled_products/idx_888.json
Bottle,889,120ml 헤비브로우용기,http://chungjinkorea.com/kr/product/view.php?idx=889,성공,2,성공,main,성공,3,완료,"Phone,Fax,Email",2025-10-18T12:59:54.391462,crawled_products/idx_889.json
Bottle,890,70ml 브로우용기,http://chungjinkorea.com/kr/product/view.php?idx=890,성공,3,성공,"additional_2,main",없음,3,완료,"Phone,Fax,Email",2025-10-18T12:35:23.724293,crawled_products/idx_890.json
Bottle,891,100ml 브로우용기,http://chungjinkorea.com/kr/product/view.php?idx=891,성공,3,성공,"additional_2,main",성공,3,완료,"Phone,Fax,Email",2025-10-18T12:33:24.471278,crawled_products/idx_891.json
Unknown,892,30파이 오버캡형 거품펌프,http://chungjinkorea.com/kr/product/view.php?idx=892,성공,1,성공,main,없음,3,완료,"Phone,Fax,Email",2025-10-18T07:03:43.144701,crawled_products/idx_892.json
Unknown,893,86파이 크림 중간캡,http://chungjinkorea.com/kr/product/view.php?idx=893,성공,3,성공,"additional_2,main",없음,3,완료,"Phone,Fax,Email",2025-10-18T07:01:33.053228,crawled_products/idx_893.json
Bottle,894,220ml 브로우용기,http://chungjinkorea.com/kr/product/view.php?idx=894,성공,4,성공,"additional_2,main,additional_3",성공,3,완료,"Phone,Fax,Email",2025-10-18T12:38:37.258893,crawled_products/idx_894.json
Bottle,895,150ml 브로우용기,http://chungjinkorea.com/kr/product/view.php?idx=895,성공,4,성공,"additional_2,main,additional_3",성공,3,완료,"Phone,Fax,Email",2025-10-18T12:37:50.984146,crawled_products/idx_895.json
Bottle,896,100ml 브로우용기,http://chungjinkorea.com/kr/product/view.php?idx=896,성공,4,성공,"additional_2,main,additional_3",없음,3,완료,"Phone,Fax,Email",2025-10-18T12:58:50.901269,crawled_products/idx_896.json
Bottle,897,300ml 브로우용기,http://chungjinkorea.com/kr/product/view.php?idx=897,성공,2,성공,"unknown,main",성공,3,완료,"Phone,Fax,Email",2025-10-18T12:38:46.852807,crawled_products/idx_897.json
Bottle,898,230ml 브로우용기,http://chungjinkorea.com/kr/product/view.php?idx=898,성공,4,성공,"additional_2,main,additional_3",없음,3,완료,"Phone,Fax,Email",2025-10-18T12:43:43.555460,crawled_products/idx_898.json
Bottle,899,300ml 브로우용기,http://chungjinkorea.com/kr/product/view.php?idx=899,성공,4,성공,"additional_2,main,additional_3",없음,3,완료,"Phone,Fax,Email",2025-10-18T12:33:15.401114,crawled_products/idx_899.json
Bottle,900,380ml 브로우용기,http://chungjinkorea.com/kr/product/view.php?idx=900,성공,4,성공,"additional_2,main,additional_3",성공,3,완료,"Phone,Fax,Email",2025-10-18T12:50:17.933412,crawled_products/idx_900.json
Bottle,901,180ml 브로우용기,http://chungjinkorea.com/kr/product/view.php?idx=901,성공,4,성공,"additional_2,main,additional_3",없음,3,완료,"Phone,Fax,Email",2025-10-18T13:02:34.824418,crawled_products/idx_901.json
Bottle,902,50ml 다층브로우용기,http://chungjinkorea.com/kr/product/view.php?idx=902,성공,4,성공,"additional_2,main,additional_3",성공,3,완료,"Phone,Fax,Email",2025-10-18T12:44:57.183758,crawled_products/idx_902.json
Bottle,903,1000ml 브로우용기,http://chungjinkorea.com/kr/product/view.php?idx=903,성공,4,성공,"additional_2,main,additional_3",성공,3,완료,"Phone,Fax,Email",2025-10-18T12:57:57.474400,crawled_products/idx_903.json
Unknown,904,400g 크림용기,http://chungjinkorea.com/kr/product/view.php?idx=904,성공,3,성공,"additional_2,main",성공,3,완료,"Phone,Fax,Email",2025-10-18T02:48:09.725827,crawled_products/idx_904.json
Bottle,905,200ml 다층 튜브용기,http://chungjinkorea.com/kr/product/view.php?idx=905,성공,4,성공,"additional_2,main,additional_3",없음,3,완료,"Phone,Fax,Email",2025-10-18T12:46:20.354319,crawled_products/idx_905.json
Bottle,906,300ml 다층튜브용기,http://chungjinkorea.com/kr/product/view.php?idx=906,성공,4,성공,"additional_2,main,additional_3",없음,3,완료,"Phone,Fax,Email",2025-10-18T12:57:07.758008,crawled_products/idx_906.json
Bottle,907,150ml 다층브로우용기,http://chungjinkorea.com/kr/product/view.php?idx=907,성공,4,성공,"additional_2,main,additional_3",성공,3,완료,"Phone,Fax,Email",2025-10-18T12:45:15.819691,crawled_products/idx_907.json
Bottle,908,250ml 브로우용기,http://chungjinkorea.com/kr/product/view.php?idx=908,성공,4,성공,"additional_2,main,additional_3",성공,3,완료,"Phone,Fax,Email",2025-10-18T12:46:30.119072,crawled_products/idx_908.json
Bottle,909,100ml 다층브로우용기,http://chungjinkorea.com/kr/product/view.php?idx=909,성공,4,성공,"additional_2,main,additional_3",성공,3,완료,"Phone,Fax,Email",2025-10-18T12:46:02.241107,crawled_products/idx_909.json
Bottle,910,300ml 브로우용기,http://chungjinkorea.com/kr/product/view.php?idx=910,성공,4,성공,"additional_2,main,additional_3",성공,3,완료,"Phone,Fax,Email",2025-10-18T12:58:43.281951,crawled_products/idx_910.json
Unknown,911,20파이 에센스펌프,http://chungjinkorea.com/kr/product/view.php?idx=911,성공,1,성공,main,없음,3,완료,"Phone,Fax,Email",2025-10-18T06:49:40.992472,crawled_products/idx_911.json
Bottle,912,200ml 다층브로우용기,http://chungjinkorea.com/kr/product/view.php?idx=912,성공,4,성공,"additional_2,main,additional_3",성공,3,완료,"Phone,Fax,Email",2025-10-18T12:39:15.222912,crawled_products/idx_912.json
Bottle,913,1000ml 브로우용기,http://chungjinkorea.com/kr/product/view.php?idx=913,성공,3,성공,"additional_2,main",성공,3,완료,"Phone,Fax,Email",2025-10-18T12:47:17.699420,crawled_products/idx_913.json
Bottle,914,1100ml 브로우용기,http://chungjinkorea.com/kr/product/view.php?idx=914,성공,4,성공,"additional_2,main,additional_3",성공,3,완료,"Phone,Fax,Email",2025-10-18T12:59:00.032981,crawled_products/idx_914.json
Bottle,915,520ml 다층브로우용기,http://chungjinkorea.com/kr/product/view.php?idx=915,성공,4,성공,"additional_2,main,additional_3",성공,3,완료,"Phone,Fax,Email",2025-10-18T12:42:58.539131,crawled_products/idx_915.json
Bottle,916,1000ml 브로우용기,http://chungjinkorea.com/kr/product/view.php?idx=916,성공,4,성공,"additional_2,main,additional_3",성공,3,완료,"Phone,Fax,Email",2025-10-18T12:42:01.741828,crawled_products/idx_916.json
Bottle,917,1000ml 브로우용기,http://chungjinkorea.com/kr/product/view.php?idx=917,성공,4,성공,"additional_2,main,additional_3",성공,3,완료,"Phone,Fax,Email",2025-10-18T12:55:33.542214,crawled_products/idx_917.json
Unknown,918,24파이 온오프펌프,http://chungjinkorea.com/kr/product/view.php?idx=918,성공,1,성공,main,없음,3,완료,"Phone,Fax,Email",2025-10-18T07:01:15.205064,crawled_products/idx_918.json
Unknown,919,43파이 민자캡,http://chungjinkorea.com/kr/product/view.php?idx=919,성공,1,성공,main,없음,3,완료,"Phone,Fax,Email",2025-10-18T06:47:55.355492,crawled_products/idx_919.json
Bottle,920,30ml 헤비 브로우용기,http://chungjinkorea.com/kr/product/view.php?idx=920,성공,4,성공,"additional_2,main,additional_3",성공,3,완료,"Phone,Fax,Email",2025-10-18T12:49:23.138222,crawled_products/idx_920.json
Unknown,921,20파이 이중 원터치캡,http://chungjinkorea.com/kr/product/view.php?idx=921,성공,3,성공,"additional_2,main",없음,3,완료,"Phone,Fax,Email",2025-10-18T06:52:39.298491,crawled_products/idx_921.json
Unknown,922,24파이 이중 원터치캡,http://chungjinkorea.com/kr/product/view.php?idx=922,성공,2,성공,main,없음,3,완료,"Phone,Fax,Email",2025-10-18T07:00:11.544466,crawled_products/idx_922.json
Unknown,923,18파이 풀커버 에센스 펌프,http://chungjinkorea.com/kr/product/view.php?idx=923,성공,1,성공,main,없음,3,완료,"Phone,Fax,Email",2025-10-18T07:05:01.598907,crawled_products/idx_923.json
Unknown,924,18파이 민자 단캡,http://chungjinkorea.com/kr/product/view.php?idx=924,성공,2,성공,main,없음,3,완료,"Phone,Fax,Email",2025-10-18T07:01:06.755262,crawled_products/idx_924.json
Unknown,925,18파이 일반미스트,http://chungjinkorea.com/kr/product/view.php?idx=925,성공,2,성공,main,없음,3,완료,"Phone,Fax,Email",2025-10-18T06:54:59.390871,crawled_products/idx_925.json
Unknown,926,18파이 일반미스트,http://chungjinkorea.com/kr/product/view.php?idx=926,성공,2,성공,main,없음,3,완료,"Phone,Fax,Email",2025-10-18T06:55:54.162147,crawled_products/idx_926.json
Unknown,927,32파이 룰렛 원터치캡,http://chungjinkorea.com/kr/product/view.php?idx=927,성공,1,성공,main,없음,3,완료,"Phone,Fax,Email",2025-10-18T06:45:52.159635,crawled_products/idx_927.json
Unknown,928,500g 원터치패드 크림용기,http://chungjinkorea.com/kr/product/view.php?idx=928,성공,3,성공,"additional_2,main",성공,3,완료,"Phone,Fax,Email",2025-10-18T02:50:33.252706,crawled_products/idx_928.json
Bottle,929,1000ml 브로우용기,http://chungjinkorea.com/kr/product/view.php?idx=929,성공,4,성공,"additional_2,main,additional_3",성공,3,완료,"Phone,Fax,Email",2025-10-18T12:32:56.597224,crawled_products/idx_929.json
Unknown,930,28파이 오일펌프,http://chungjinkorea.com/kr/product/view.php?idx=930,성공,1,성공,main,없음,3,완료,"Phone,Fax,Email",2025-10-18T07:01:41.404280,crawled_products/idx_930.json
Unknown,931,24파이 디퓨저 캡,http://chungjinkorea.com/kr/product/view.php?idx=931,성공,3,성공,"additional_2,main",없음,3,완료,"Phone,Fax,Email",2025-10-18T06:58:03.132412,crawled_products/idx_931.json
Unknown,932,28파이 디퓨저 캡,http://chungjinkorea.com/kr/product/view.php?idx=932,성공,3,성공,"additional_2,main",없음,3,완료,"Phone,Fax,Email",2025-10-18T06:45:43.642152,crawled_products/idx_932.json
Unknown,933,20파이 물감캡,http://chungjinkorea.com/kr/product/view.php?idx=933,성공,3,성공,"additional_2,main",없음,3,완료,"Phone,Fax,Email",2025-10-18T06:56:53.741343,crawled_products/idx_933.json
Unknown,934,24파이 물감캡,http://chungjinkorea.com/kr/product/view.php?idx=934,성공,3,성공,"additional_2,main",없음,3,완료,"Phone,Fax,Email",2025-10-18T06:56:45.490474,crawled_products/idx_934.json
Unknown,935,24파이 360도 원터치캡,http://chungjinkorea.com/kr/product/view.php?idx=935,성공,4,성공,"additional_2,main,additional_3",없음,3,완료,"Phone,Fax,Email",2025-10-18T06:47:38.317493,crawled_products/idx_935.json
Bottle,936,300ml 브로우용기,http://chungjinkorea.com/kr/product/view.php?idx=936,성공,4,성공,"additional_2,main,additional_3",없음,3,완료,"Phone,Fax,Email",2025-10-18T13:03:57.996028,crawled_products/idx_936.json
Unknown,937,300g 크림사출용기,http://chungjinkorea.com/kr/product/view.php?idx=937,성공,2,성공,main,없음,3,완료,"Phone,Fax,Email",2025-10-18T02:50:22.943060,crawled_products/idx_937.json
Bottle,938,1000ml 브로우용기,http://chungjinkorea.com/kr/product/view.php?idx=938,성공,4,성공,"additional_2,main,additional_3",성공,3,완료,"Phone,Fax,Email",2025-10-18T13:01:39.829666,crawled_products/idx_938.json
Bottle,939,100ml 브로우용기,http://chungjinkorea.com/kr/product/view.php?idx=939,성공,4,성공,"additional_2,main,additional_3",성공,3,완료,"Phone,Fax,Email",2025-10-18T12:45:25.483858,crawled_products/idx_939.json
Bottle,940,30ml 헤비브로우용기,http://chungjinkorea.com/kr/product/view.php?idx=940,성공,4,성공,"additional_2,main,additional_3",성공,3,완료,"Phone,Fax,Email",2025-10-18T12:57:28.697098,crawled_products/idx_940.json
Bottle,941,50ml 헤비브로우용기,http://chungjinkorea.com/kr/product/view.php?idx=941,성공,4,성공,"additional_2,main,additional_3",성공,3,완료,"Phone,Fax,Email",2025-10-18T12:47:54.842522,crawled_products/idx_941.json
Bottle,942,80ml 헤비브로우용기,http://chungjinkorea.com/kr/product/view.php?idx=942,성공,4,성공,"additional_2,main,additional_3",성공,3,완료,"Phone,Fax,Email",2025-10-18T12:33:06.556209,crawled_products/idx_942.json
Bottle,943,320ml 브로우용기,http://chungjinkorea.com/kr/product/view.php?idx=943,성공,4,성공,"additional_2,main,additional_3",없음,3,완료,"Phone,Fax,Email",2025-10-18T12:41:05.517689,crawled_products/idx_943.json
Bottle,944,30ml 헤비브로우용기,http://chungjinkorea.com/kr/product/view.php?idx=944,성공,4,성공,"additional_2,main,additional_3",없음,3,완료,"Phone,Fax,Email",2025-10-18T12:38:27.768300,crawled_products/idx_944.json
Unknown,946,24파이 풀커버 일반미스트,http://chungjinkorea.com/kr/product/view.php?idx=946,성공,1,성공,main,없음,3,완료,"Phone,Fax,Email",2025-10-18T06:52:30.148869,crawled_products/idx_946.json
Unknown,947,30파이 오버캡형 거품펌프,http://chungjinkorea.com/kr/product/view.php?idx=947,성공,2,성공,main,없음,3,완료,"Phone,Fax,Email",2025-10-18T06:51:54.183060,crawled_products/idx_947.json
Unknown,948,20파이 오일펌프,http://chungjinkorea.com/kr/product/view.php?idx=948,성공,1,성공,main,없음,3,완료,"Phone,Fax,Email",2025-10-18T06:47:11.565407,crawled_products/idx_948.json
Bottle,949,150ml 거품브로우용기,http://chungjinkorea.com/kr/product/view.php?idx=949,성공,4,성공,"additional_2,main,additional_3",없음,3,완료,"Phone,Fax,Email",2025-10-18T12:46:49.584613,crawled_products/idx_949.json
Unknown,950,20파이 풀커버 일반미스트,http://chungjinkorea.com/kr/product/view.php?idx=950,성공,1,성공,main,없음,3,완료,"Phone,Fax,Email",2025-10-18T06:50:16.614260,crawled_products/idx_950.json
Unknown,951,20파이 뾰족캡,http://chungjinkorea.com/kr/product/view.php?idx=951,성공,2,성공,main,없음,3,완료,"Phone,Fax,Email",2025-10-18T07:00:20.183866,crawled_products/idx_951.json
Unknown,952,24파이 뾰족캡,http://chungjinkorea.com/kr/product/view.php?idx=952,성공,2,성공,main,없음,3,완료,"Phone,Fax,Email",2025-10-18T06:51:27.239067,crawled_products/idx_952.json
Unknown,953,24파이 회오리캡,http://chungjinkorea.com/kr/product/view.php?idx=953,성공,2,성공,main,없음,3,완료,"Phone,Fax,Email",2025-10-18T06:53:15.018500,crawled_products/idx_953.json
Bottle,954,5g 마스카라용기,http://chungjinkorea.com/kr/product/view.php?idx=954,성공,4,성공,"additional_2,main,additional_3",없음,3,완료,"Phone,Fax,Email",2025-10-18T12:36:46.644635,crawled_products/idx_954.json
Bottle,955,6g 마스카라용기,http://chungjinkorea.com/kr/product/view.php?idx=955,성공,2,성공,main,없음,3,완료,"Phone,Fax,Email",2025-10-18T13:00:40.767330,crawled_products/idx_955.json
Bottle,956,7g 마스카라용기,http://chungjinkorea.com/kr/product/view.php?idx=956,성공,4,성공,"additional_2,main,additional_3",없음,3,완료,"Phone,Fax,Email",2025-10-18T12:55:54.419344,crawled_products/idx_956.json
Bottle,957,10g 마스카라용기,http://chungjinkorea.com/kr/product/view.php?idx=957,성공,4,성공,"additional_2,main,additional_3",없음,3,완료,"Phone,Fax,Email",2025-10-18T12:31:50.002868,crawled_products/idx_957.json
Bottle,958,14g 마스카라용기,http://chungjinkorea.com/kr/product/view.php?idx=958,성공,2,성공,main,없음,3,완료,"Phone,Fax,Email",2025-10-18T13:03:20.795445,crawled_products/idx_958.json
Bottle,959,30ml 헤비브로우용기,http://chungjinkorea.com/kr/product/view.php?idx=959,성공,4,성공,"additional_2,main,additional_3",성공,3,완료,"Phone,Fax,Email",2025-10-18T12:36:06.741108,crawled_products/idx_959.json
Bottle,960,50ml 헤비브로우용기,http://chungjinkorea.com/kr/product/view.php?idx=960,성공,4,성공,"additional_2,main,additional_3",성공,3,완료,"Phone,Fax,Email",2025-10-18T12:55:13.247042,crawled_products/idx_960.json
Bottle,961,80ml 헤비브로우용기,http://chungjinkorea.com/kr/product/view.php?idx=961,성공,4,성공,"additional_2,main,additional_3",성공,3,완료,"Phone,Fax,Email",2025-10-18T12:42:48.863274,crawled_products/idx_961.json
Unknown,962,150g 이중 크림용기,http://chungjinkorea.com/kr/product/view.php?idx=962,성공,3,성공,"additional_2,main",없음,3,완료,"Phone,Fax,Email",2025-10-18T02:50:13.693761,crawled_products/idx_962.json
Unknown,963,150g 무광 이중 크림용기,http://chungjinkorea.com/kr/product/view.php?idx=963,성공,2,성공,main,없음,3,완료,"Phone,Fax,Email",2025-10-18T02:47:43.947451,crawled_products/idx_963.json
Unknown,964,24파이 온오프펌프,http://chungjinkorea.com/kr/product/view.php?idx=964,성공,1,성공,main,없음,3,완료,"Phone,Fax,Email",2025-10-18T06:50:51.869615,crawled_products/idx_964.json
Bottle,965,120ml 브로우용기,http://chungjinkorea.com/kr/product/view.php?idx=965,성공,4,성공,"additional_2,main,additional_3",없음,3,완료,"Phone,Fax,Email",2025-10-18T12:31:13.253975,crawled_products/idx_965.json
Bottle,967,120ml 브로우용기,http://chungjinkorea.com/kr/product/view.php?idx=967,성공,1,성공,main,없음,3,완료,"Phone,Fax,Email",2025-10-18T13:04:27.065484,crawled_products/idx_967.json
Bottle,968,350ml 브로우용기,http://chungjinkorea.com/kr/product/view.php?idx=968,성공,3,성공,"additional_2,main",없음,3,완료,"Phone,Fax,Email",2025-10-18T12:49:59.522126,crawled_products/idx_968.json
Bottle,969,350ml 브로우용기,http://chungjinkorea.com/kr/product/view.php?idx=969,성공,3,성공,"additional_2,main",없음,3,완료,"Phone,Fax,Email",2025-10-18T12:43:07.536190,crawled_products/idx_969.json
Bottle,970,50ml 브로우용기,http://chungjinkorea.com/kr/product/view.php?idx=970,성공,1,성공,main,없음,3,완료,"Phone,Fax,Email",2025-10-18T12:48:04.435767,crawled_products/idx_970.json
